Зарплата,ДМС,Обучение,Фитнес,Ссылка,Работодатель
300000,,,,https://hh.ru/vacancy/93161472,ООО Акфикс Рус
150000,,,,https://hh.ru/vacancy/93889349,Семь Семян
180000,1,1,,https://hh.ru/vacancy/93230730,Tradest
150000,,,,https://hh.ru/vacancy/92683203,MAMA GOODS
200000,,,,https://hh.ru/vacancy/93945205,ООО Брефи маркетинг
120000,1,,,https://hh.ru/vacancy/93494423,Пятёрочка
145000,,,,https://hh.ru/vacancy/93066468,Stormoff
200000,1,1,,https://hh.ru/vacancy/92372625,Четыре Лапы
150000,,,,https://hh.ru/vacancy/92301831,ООО ТД (Воронцовские)
230000,1,,,https://hh.ru/vacancy/94093020,ООО Инокстрейд
250000,,,,https://hh.ru/vacancy/93616310,Сеть салонов красоты GRUSHKA
120000,,,,https://hh.ru/vacancy/92703910,Гиперпк
100000,1,1,,https://hh.ru/vacancy/93612379,ООО Газпром проектирование